{"cameraMode":{"drawMode":0,"name":"Shaded","section":"Shading Mode"},"sceneLighting":false,"audioPlay":false,"sceneViewState":{"showFog":true,"showMaterialUpdate":false,"showSkybox":false,"showFlares":true,"showImageEffects":true,"showParticleSystems":true},"in2DMode":false,"pivot":{"x":12.961734771728516,"y":-0.2702655792236328,"z":-9.964546203613282},"rotation":{"x":-0.12481632828712464,"y":-0.7341374158859253,"z":0.14042571187019349,"w":-0.6525115966796875},"size":33.807861328125,"orthographic":false}