{"cameraMode":{"drawMode":2,"name":"Shaded Wireframe","section":"Shading Mode"},"sceneLighting":false,"audioPlay":false,"sceneViewState":{"showFog":true,"showMaterialUpdate":false,"showSkybox":false,"showFlares":true,"showImageEffects":true,"showParticleSystems":true},"in2DMode":false,"pivot":{"x":3.9300003051757814,"y":1.8124823570251465,"z":-9.34000015258789},"rotation":{"x":-0.01838315650820732,"y":0.9784790277481079,"z":-0.10015197843313217,"w":-0.1795695275068283},"size":2.3334527015686037,"orthographic":false}