{"cameraMode":{"drawMode":0,"name":"Shaded","section":"Shading Mode"},"sceneLighting":false,"audioPlay":false,"sceneViewState":{"showFog":true,"showMaterialUpdate":false,"showSkybox":false,"showFlares":true,"showImageEffects":true,"showParticleSystems":true},"in2DMode":false,"pivot":{"x":1.4901161193847657e-8,"y":0.5874778032302856,"z":-2.2351741790771486e-8},"rotation":{"x":0.010640865191817284,"y":-0.9886141419410706,"z":0.12372246384620667,"w":0.08502793312072754},"size":2.678668260574341,"orthographic":false}